#O,Ax,Xbg,莞^HR,莞^,XLn1,XLl1,XLn2,XLl2,YfA1,,YfA2,,YfA3,,YfA4,,YfB1,,YfB2,,YfB3,,YfB4,
ϐyPz,4,1,1,1,C,1,,-1,,1,̉,3,,,,,,,,,,,,
yPz,4,1,2,3,C,2,,,zČ,1,҂̃G}L,1,Fb̖,2,,,C,1,痳̏,2,,,,
჎yPz,4,1,1,2,,1,,-1,,1,b̍bk,2,,,,,,,,,,,,
჎yQz,5,2,2,3,,3,,-1,zČ,1,hXQl|X̔,2,X^[̑̉t,2,,,C,1,hXQl|X̔,1,,,,
ϖyPz,4,1,1,4,,1,ϓDϐ,-1,,1,ew偂̍bk,2,,,,,,,,,,,,
ϖyQz,5,2,2,4,,3,ϓDϐ,-1,zČ,1,ew偂p,1,gє,2,,,C,1,ew偂̉s,1,,,,
ϓŎyPz,4,1,3,5,,1,C,-1,,1,C[IX̓ŉ,2,,,,,,,,,,,,
ϓŎyQz,5,2,3,5,,3,C,-1,zČ,1,hXC[IX̔,2,,2,,,C,1,ғő,1,,,,
ϖhyPz,4,1,1,2,ΖhDOWN,2,,,,1,Eς̎,2,,2,,,,,,,,,,
hyPz,4,1,1,1,ݖ,2,,,,1,}^^r,3,,,,,,,,,,,,
ϔSyPz,4,1,1,2,ϓDϐ,1,,-1,,1,H̍bk,2,,,,,,,,,,,,
RSyPz,4,1,2,4,ϓDϐ,2,,,zČ,1,eb̕b,1,hOCgz,2,,,,,,,,,,
ϐkyPz,4,1,1,3,ϐk,1,,-1,,1,JY̖,1,,,,,,,,,,,,
RkyPz,4,1,2,3,ϐk,2,,,zČ,1,߂,1,̂肱˃ob^,2,,,,,,,,,,
ϏyPz,4,1,1,1,Ϗ,2,,,,1,X,3,,,,,,,,,,,,
ϊyPz,4,1,2,3,ϊ,2,,,,1,L̗,2,,,,,,,,,,,,
hyPz,4,1,2,4,oی,1,,-1,zČ,1,Η̗,1,eb̎,2,,,C,1,̌k,2,,,,
hyRz,6,3,8,99,oی,4,,-2,ڗ,1,̕,1,^F̏_,1,,,,,,,,,,
hyPz,4,1,3,5,,1,^C,-1,zČ,1,T̒,1,hOCgz,2,,,,,,,,,,
hyQz,5,2,7,99,,3,^C,-1,C,1,|̗,1,JuCgz,3,,,,,,,,,,
UyPz,4,1,2,3,U,1,h,-1,,1,WMB̗,2,͂̎,1,,,,,,,,,,
UyQz,5,2,3,5,U,3,h,-1,zČ,1,Η̗,2,Sl,1,,,,,,,,,,
UyRz,6,3,5,99,U,5,h,-1,C,1,ỈsS,1,SlO[g,2,,,,,,,,,,
BlyPz,4,1,1,2,Bl,1,ϐ,-1,,1,Ƃ,2,Sz,1,,,,,,,,,,
BlyQz,5,2,3,5,Bl,3,ϐ,-1,zČ,1,v̐n,1,ew偂̒,2,,,C,1,ew偂̌p,2,,,,
BlyRz,6,3,7,99,Bl,5,ϐ,-1,ڗ,1,ȇ垙,1,i֗̌k,2,,,,,,,,,,
UyPz,4,1,2,3,U,1,U,-1,zČ,1,b̉H,3,Ql|X̖჉,3,,,C,1,b̌k,2,֗̏,2,,
UyQz,5,2,5,99,U,3,U,-1,C,1,Arm̑~,1,X^[̔Z`,2,,,,,,,,,,
UyRz,6,3,8,99,U,4,U,-2,ڗ,1,։,2,T̍dk,1,,,,,,,,,,
ΉyPz,4,1,2,4,ΑU,1,U,-1,zČ,1,Η̗,2,,,,,,,,,,,,
ΉyQz,5,2,5,99,ΑU,3,U,-1,C,1,,1,ԍbb̌k,2,,,,,,,,,,
yPz,4,1,2,3,U,1,U,-1,zČ,1,b̒,1,,,,,,,,,,,,
yQz,5,2,4,99,U,3,U,-1,C,1,dbGLX,1,̗,2,,,,,,,,,,
yPz,4,1,2,4,U,1,XU,-1,zČ,1,uu,1,,2,,,,,,,,,,
yQz,5,2,5,99,U,3,XU,-1,C,1,d,1,Ťk,1,,,,,,,,,,
XyPz,4,1,2,4,XU,1,ΑU,-1,zČ,1,L̔,2,,,,,,,,,,,,
XyQz,5,2,5,99,XU,3,ΑU,-1,C,1,,1,eb̌b,2,,,,,,,,,,
jyPz,4,1,4,6,U,1,U,-1,zČ,1,R̍g,2,,,,,,,,,,,,
jyQz,5,2,5,99,U,3,U,-1,C,1,ɂ̗,2,Η̌k,2,,,,,,,,,,
ɌyPz,4,1,2,5,Ɍ,1,̗,-1,zČ,1,Η̗,1,Η̞,1,,,C,1,Η̏,2,,,,
ɌyRz,6,3,7,99,Ɍ,4,̗,-2,ڗ,1,ȇ,1,Η̍g,1,,,,,,,,,,
dyPz,4,1,3,5,d,1,Bl,-1,zČ,1,Ɨ̑ۍb,1,Z̍bk,2,,,C,1,Žk,2,,,,
dyRz,6,3,8,99,d,4,Bl,-2,ڗ,1,̌k,1,Η̍g,1,,,,,,,,,,
UyQz,5,2,4,6,U,1,Ux,-1,zČ,1,R̘rb,1,̒,2,,,C,1,\̓k,1,,,,
UyRz,6,3,7,99,U,2,Ux,-2,ڗ,1,Ȑrb,1,,1,,,,,,,,,,
ZkyPz,4,1,2,4,ߒZk,1,̏p,-1,zČ,1,S^̒,1,y̍bk,2,,,C,1,̏,2,,,,
ZkyRz,6,3,7,99,ߒZk,4,̏p,-2,ڗ,1,Řk,1,i֗̌k,2,,,,,,,,,,
SJyPz,4,1,3,5,{C,1,Cz,-1,zČ,1,T̊p,1,I̐Gp,2,,,C,1,T̐p,1,,,,
SJyQz,5,2,5,99,{C,3,Cz,-1,ڗ,1,I̐Gp,1,ᎂq̍,2,,,,,,,,,,
jnyPz,4,1,2,4,KO,1,ߒZk,-1,zČ,1,㗳,2,H̓k,1,,,,,,,,,,
jnyQz,5,2,4,99,KO,3,ߒZk,-1,zČ,1,p̍bk,2,IINAQn,2,,,C,1,Sȍ,2,,,,
DCyPz,4,1,2,4,CU,1,X^~i,-1,zČ,1,яb̒,1,yz,1,,,,,,,,,,
DCyQz,5,2,8,99,CU,3,X^~i,-1,zČ,1,̏,1,c`Pbg,1,,,C,1,Ζяb̐,1,,,,
͎yPz,4,1,3,5,,1,,-1,zČ,1,Ɨ̑ۍb,2,,,,,,,,,,,,
͎yQz,5,2,5,99,,3,,-1,C,1,L̏,3,eb̑厨,1,,,,,,,,,,
tyPz,4,1,3,5,t,1,񕜗,-1,zČ,1,db̉~,1,,,,,,,,,,,,
tyQz,5,2,5,99,t,3,񕜗,-1,C,1,Žk,1,T̎,1,,,,,,,,,,
tyPz,4,1,3,99,e,2,,,zČ,1,Ȃ̔S,2,痳̔,1,,,,,,,,,,
ۓJyPz,4,1,2,4,J,2,,,zČ,1,i̖֗b,1,pJ,1,,,,,,,,,,
CpyPz,4,1,2,3,Cp,2,,,zČ,1,X,2,^ef,2,,,,,,,,,,
hyPz,4,1,1,3,h,1,U,-1,,1,Fb̍bk,1,Eς̎,2,,,,,,,,,,
hyQz,5,2,2,5,h,3,U,-1,zČ,1,ȗ̑ϔMk,1,d,2,,,C,1,Ob̌k,1,dO[g,2,,
ώyPz,4,1,8,99,ϐ,1,̗,-1,ڗ,1,̋t,2,,,,,,,,,,,,
ώyRz,6,3,8,99,ϐ,4,̗,-2,ڗ,1,Vʂp,1,,,,,,,,,,,,
ωΎyPz,4,1,1,1,Αϐ,1,ϐ,-1,,1,Ζ,5,,,,,,,,,,,,
ΎyPz,4,1,2,4,Αϐ,2,,,zČ,1,Ή,2,yz,3,,,,,,,,,,
ϐyPz,4,1,1,1,ϐ,1,ϐ,-1,,1,LAW,5,,,,,,,,,,,,
yPz,4,1,2,3,ϐ,2,,,zČ,1,,2,yz,3,,,,,,,,,,
ϗyPz,4,1,1,1,ϐ,1,Xϐ,-1,,1,,3,,,,,,,,,,,,
yPz,4,1,3,5,ϐ,2,,,zČ,1,T̒~dk,1,yz,1,,,,,,,,,,
ϕXyPz,4,1,1,1,Xϐ,1,Αϐ,-1,,1,X,5,,,,,,,,,,,,
XyPz,4,1,2,4,Xϐ,2,,,zČ,1,eb̕X,2,yz,3,,,,,,,,,,
ϗyPz,4,1,1,1,ϐ,1,,-1,,1,E̎,2,,,,,,,,,,,,
yPz,4,1,4,99,ϐ,2,,,C,1,ɂ̗,1,뗳,2,,,,,,,,,,
yPz,4,1,2,4,,1,,,zČ,1,Η̍bk,2,,,,,,,,,,,,
_yPz,4,1,7,99,,2,,,ڗ,1,Η̌k,2,c`Pbg,1,,,,,,,,,,
̗͎yPz,4,1,1,2,̗,2,,,,1,̍bk,1,,,,,,,,,,,,
yPz,4,1,1,1,񕜑x,1,H,-1,,1,WMB̔,2,,,,,,,,,,,,
yQz,5,2,2,4,񕜑x,3,H,-1,zČ,1,̍bk,1,ArmGLX,2,,,C,1,痳̏,2,,,,
yPz,4,1,2,3,񕜗,1,񕜑x,-1,zČ,1,ς̒,1,Pr̊p,2,,,,,,,,,,
yQz,5,2,4,99,񕜗,3,񕜑x,-1,C,1,ς̌,1,ɂ̔,1,,,,,,,,,,
yPz,4,1,2,4,𐫔\,1,̗,-1,zČ,1,eb̕b,2,Lr[g,2,,,C,1,ew偂̌p,2,,,,
yQz,5,2,5,99,𐫔\,3,̗,-1,ڗ,1,i֗̏,2,eb̍,2,,,,,,,,,,
yPz,4,1,3,5,,1,̗,-1,zČ,1,v̍,2,b̉H,2,,,C,1,ŉ̎,2,,,,
[yPz,4,1,2,3,[,1,t,-1,zČ,1,H}O,1,b̕,1,,,C,1,WMB̏,1,c`Pbg,1,,
[yQz,4,2,5,99,[,3,t,-1,C,1,◳̌k,2,㎿ȕ,2,,,,,,,,,,
㩎tyPz,4,1,2,4,ݒu,2,,,zČ,1,Ȕ,1,Vr,1,,,,,,,,,,
HyPz,4,1,2,5,H,1,񕜗,-1,zČ,1,̔,1,Fb̍bk,2,,,C,1,L̏,2,,,,
HyRz,6,3,7,99,H,4,񕜗,-2,ڗ,1,\̑,2,̉s,2,,,,,,,,,,
yPz,4,1,2,3,X^~i,1,,-1,zČ,1,b̒,1,O[g,2,,,C,1,S̎,2,,,,
yRz,6,3,6,99,X^~i,4,,-2,ڗ,1,T̏,1,ŉ̎,2,,,,,,,,,,
̏pyPz,4,1,2,5,̏p,1,X^~i,-1,zČ,1,N`oV,1,C[IX̗,2,,,C,1,X嗳̏є,2,,,,
̏pyQz,5,2,6,99,̏p,3,X^~i,-1,ڗ,1,Žk,1,C[IX̏,2,,,,,,,,,,
CyPz,4,1,3,5,C͉,1,𐫔\,-1,zČ,1,T̍bk,1,yz,2,,,C,1,Ȟk,2,c`Pbg,1,,
CyQz,5,2,5,99,C͉,3,𐫔\,-1,C,1,T̐,1,뗳,2,,,,,,,,,,
HyPz,4,1,1,2,,2,,,,1,Ob̊p,1,񂪂,1,,,,,,,,,,
HyPz,4,1,1,3,HV,2,,,,1,傫ȍ,1,,,,,,,,,,,,
^CyPz,4,1,4,99,^C,1,C܂,-1,C,1,,1,̂܂,2,,,,,,,,,,
^CyRz,6,3,7,99,^C,4,C܂,-2,,1,Η̏㞙,2,̂܂,2,,,,,,,,,,
ߊlyPz,4,1,5,99,ߊl,1,^C,-1,C,1,EC̏,1,T̑ѓd,1,,,,,,,,,,
ߊlyRz,6,3,7,99,ߊl,4,^C,-2,,1,EC̏G,2,T̋t,1,,,,,,,,,,
甍yPz,4,1,7,99,,1,^C,-1,C,1,\̍,1,,,,,,,,,,,,
甍yRz,6,3,8,99,,4,^C,-2,,1,։̍|,1,n̗,1,,,,,,,,,,
^yPz,4,1,1,3,^,2,,,,1,GLX,1,,,,,,,,,,,,
̎yPz,4,1,1,1,̎,2,,,,1,ys|pvL,2,,,,,,,,,,,,
WyPz,4,1,1,1,W,2,,,,1,ys|pvL,1,yz,1,,,,,,,,,,
jyPz,4,1,1,1,C܂,2,,,,1,Sz,1,,,,,,,,,,,,
FyPz,4,1,1,2,L,1,Cz,-1,,1,̗,1,,,,,zČ,1,Ig`Pbg,1,,2,,
FyQz,5,2,5,99,L,3,Cz,-1,C,1,̌k,1,̕o,2,,,,,,,,,,
痢yPz,4,1,1,3,痢,2,,,,1,ɍʐF̉H,1,,,,,,,,,,,,
myPz,4,1,1,2,,2,,,,1,?,1,ے̉H,1,,,,,,,,,,
eyPz,4,1,1,1,,2,,,,1,,1,,,,,,,,,,,,
yPz,4,1,3,5,ʎ,2,,,,1,֗̔,1,,,,,,,,,,,,
ώ@yPz,4,1,2,4,ώ@,2,,,,1,痳̔,1,oዾ,1,,,,,,,,,,
lyPz,4,1,1,1,l,2,,,,1,TV~EI,1,,2,,,,,,,,,,
EryPz,4,1,1,1,Cz,2,,,,1,Pȓp,2,,,,,,,,,,,,
yQz,5,2,6,99,,1,aꖡ,-1,zČ,1,rXp,1,̌k,2,,,C,1,\,2,,,,
yRz,6,3,8,99,,2,aꖡ,-2,ڗ,1,։,1,\̕,1,,,,,,,,,,
yPz,4,1,4,99,p,1,,-1,zČ,1,×̌,1,,,,,C,1,Η̌k,2,Žk,1,,
yRz,6,3,8,99,p,4,,-2,̌k,2,̃AMg,1,,,,,,,,,,,,
aSyPz,4,1,3,5,aꖡ,1,,-1,zČ,1,◳̗,1,T̍bk,1,,,C,1,Η̋t,1,,,,
aSyRz,6,3,6,99,aꖡ,4,,-2,ڗ,1,◳̗,1,Arm̒,1,,,,,,,,,,
yPz,4,1,3,6,S,1,Bl,-1,zČ,1,p̍bk,2,T̊p,1,,,C,1,ȗ̑ϔMk,2,,,,
yQz,5,2,6,99,S,3,Bl,-1,ڗ,1,ӗ̌jb,1,◳̌k,1,,,,,,,,,,
ŎyPz,4,1,2,5,C,1,aꖡ,-1,zČ,1,ȗ̑ϔMk,1,㗳,2,,,C,1,卌̏,2,,,,
ŎyRz,6,3,6,99,C,4,aꖡ,-2,ڗ,1,T̐p,1,L̏,1,,,,,,,,,,
SǎyPz,4,1,2,4,K[h\,1,̏p,-1,zČ,1,y̍bk,2,,,,,,,,,,,,
SǎyQz,5,2,6,99,K[h\,3,̏p,-1,zČ,1,̏q,1,̌k,3,,,C,1,◳̗,2,,,,
ǎyPz,4,1,3,5,K[h,1,X^~i,-1,zČ,1,g@,2,,,,,,,,,,,,
ǎyQz,5,2,6,99,K[h,3,X^~i,-1,C,1,ӗ̌jb,1,,3,,,,,,,,,,
yPz,4,1,1,2,t,2,,,,1,痳̒,1,}JCgz,1,,,,,,,,,,
eyPz,4,1,2,4,ʏe,1,,-1,zČ,1,㗳,2,͂CV,5,,,,,,,,,,
eyRz,6,3,5,99,ʏe,4,,-2,ڗ,1,◳̌k,2,뗳,2,,,,,,,,,,
ђʎyPz,4,1,2,3,ђʒe,1,,-1,zČ,1,߂,1,hXwNX,2,,,,,,,,,,
ђʎyRz,6,3,6,99,ђʒe,4,,-2,ڗ,1,Z̓k,1,}RKl,2,,,,,,,,,,
UeyPz,4,1,2,3,Ue,1,,-1,zČ,1,X,3,̉,5,,,,,,,,,,
UeyRz,6,3,6,99,Ue,4,,-2,ڗ,1,Žk,1,jIz,2,,,,,,,,,,
eyPz,4,1,1,3,ʏeǉ,1,Ux,-1,,1,yz,2,,,,,,,,,,,,
eyQz,5,2,2,4,ʏeǉ,3,Ux,-1,zČ,1,㗳,2,C`m^`EI,2,,,C,1,㎿Ȓ,2,Sȍ,1,,
юyPz,4,1,2,4,ђʒeǉ,2,,,zČ,1,hOCgz,2,,,,,,,,,,,,
UyPz,4,1,2,5,Ueǉ,2,,,zČ,1,̔,2,,,,,,,,,,,,
֎yPz,4,1,3,5,֒eǉ,2,,,zČ,1,Η̍bk,2,,,,,,,,,,,,
gyPz,4,1,2,5,gUeǉ,1,Ux,-1,zČ,1,ȗ̑ϔMk,2,,,,,,,,,,,,
ayPz,4,1,2,4,aeǉ,2,,,,1,eb̖,2,,,,,,,,,,,,
ˎyPz,4,1,3,5,,1,Ux,-1,zČ,1,̉,2,T̒,2,,,C,1,Η̉,2,,,,
ˎyRz,6,3,8,99,,4,Ux,-2,ڗ,1,̍{,2,Η̋t,1,,,,,,,,,,
UyPz,4,1,4,99,Ux,1,,-1,zČ,1,JuCgz,3,,,,,,,,,,,,
UyQz,5,2,3,5,Ux,3,,-1,zČ,1,v̐n,2,CgNX^,2,,,C,1,fF̗,2,,,,
}yPz,4,1,2,4,,1,Ux,-1,zČ,1,y̓k,1,b̒,1,,,C,1,S^̌k,2,,,,
}yRz,6,3,6,99,,4,Ux,-2,ڗ,4,L̏,2,Žk,2,,,,,,,,,,
_ˎyPz,4,1,1,1,ˌ,2,,,,1,Ȃ̓,2,,,,,,,,,,,,
ვryPz,4,1,2,3,ვrǉ,1,U,-1,zČ,1,ბ,1,,,,,,,,,,,,
ვryQz,5,2,5,99,ვrǉ,3,U,-1,C,1,fF̏_,1,ბ,1,,,,,,,,,,
ryPz,4,1,2,3,rǉ,2,,,zČ,1,,1,,,,,,,,,,,,
ŕryPz,4,1,2,3,ŕrǉ,2,,,zČ,1,ő,1,,,,,,,,,,,,
ryPz,4,1,2,3,rǉ,1,Bl,-1,zČ,1,Ob̍bk,1,jg_P,5,,,,,,,,,,
ryQz,5,2,4,99,rǉ,3,Bl,-1,C,1,Ob̌k,1,ȗ̍,1,,,,,,,,,,
ڕryPz,4,1,2,3,ڌrǉ,2,,,zČ,1,b̒,1,CȎ̔,1,,,,,,,,,,
ryPz,4,1,2,3,Crǉ,2,,,zČ,1,VhCV,2,yz,1,,,,,,,,,,
RĎyPz,4,1,6,99,R,2,,,zČ,1,Ȃ̔S,2,̌k,2,,,,,,,,,,
yQz,5,2,8,99,,1,U,-1,,1,L̏,1,L̕Xp,1,,,,,,,,,,
oyRz,6,3,8,99,,2,U,-2,,1,L̑,2,L̑p,1,,,,,,,,,,
yPz,4,1,8,99,,1,,-1,,1,q̍,2,q̉s,1,,,,,,,,,,
yQz,5,2,8,99,,3,,-1,,1,q̓,1,q̐p,3,,,,,,,,,,
HyPz,4,1,7,99,H,1,,-1,,1,\̓k,2,,,,,,,,,,,,
DyPz,4,1,7,99,H,2,,,,1,\̓k,2,JY̖,1,,,,,,,,,,
WyPz,4,1,1,3,n`~c,1,C܂,-1,,1,Fb̍bk,2,,,,,,,,,,,,
yPz,4,1,4,99,n`~c,2,,,C,1,Fb̍bk,4,яb̐,1,,,,,,,,,,
ۊwyPz,4,1,4,99,׋ۊw,1,Cz,-1,,1,ԍbb̌k,2,,,,,,,,,,,,
ۋyPz,4,1,6,99,׋ۊw,2,,,,1,ԍbb̌k,1,ӗ̌jb,2,,,,,,,,,,
yPz,4,1,6,99,,1,K[h\,-1,,1,ӗ̌k,2,y̓k,2,,,,,,,,,,
yQz,5,2,6,99,,3,K[h\,-1,,1,ӗ̍,2,T̍d,1,,,,,,,,,,
yPz,4,1,6,99,,1,񕜑x,-1,,1,T̐p,2,Ťk,2,,,,,,,,,,
yQz,5,2,8,99,,3,񕜑x,-1,,1,T̐,2,։̍|,2,,,,,,,,,,
̎yPz,4,1,8,99,s,1,h,-1,,1,̍bk,2,Ȃ̔S,1,,,,,,,,,,
̎yRz,6,3,8,99,s,4,h,-2,,1,̗,1,L̏,1,,,,,,,,,,
єzyPz,4,1,1,1,єz,1,ʎ,-1,,1,Ig`Pbg,2,̃X^v,2,,,,,,,,,,
єzyPz,5,1,4,99,єz,2,,,C,1,Ig`Pbg,3,҂̃G}L,2,,,,,,,,,,
ߎyPz,4,1,1,5,,1,̎,-1,,1,Ig`Pbg,3,,2,,2,,,,,,,,
ߎyQz,5,2,4,99,,3,̎,-1,ڗ,1,Ig`Pbg,4,c`n`mR,2,,,,,,,,,,
ΎyPz,4,1,7,99,Ή,1,,,jIz,3,,1,Ηt,1,,,,,,,,,,
yPz,4,1,4,99,jeǉ,2,,,C,1,ӗ̍jb,2,Ζ,4,,,,,,,,,,
ryPz,4,1,6,99,jrǉ,2,,,C,1,ӗ̌k,2,Ȃ̔S,1,,,,,,,,,,
